  <movie>
    <title>Heat</title>
    <year>1995</year>
    <country>USA</country>
    <genre>Crime</genre>
    <summary>Hunters and their prey--Neil and his professional 
	criminal crew hunt to score big money targets 
	(banks, vaults, armored cars) and are, in turn, 
	hunted by Lt. Vincent Hanna and his team of cops 
	in the Robbery/Homicide police division. A botched 
	job puts Hanna onto their trail while they regroup 
	and try to put together one last big 'retirement' 
	score. Neil and Vincent are similar in many ways, 
	including their troubled personal lives. At a 
	crucial moment in his life, Neil disobeys the 
	dictum taught to him long ago by his criminal 
	mentor--'Never have anything in your life that you 
	can't walk out on in thirty seconds flat, if you 
	spot the heat coming around the corner'--as he 
	falls in love. Thus the stage is set for the 
	suspenseful ending.... </summary>
<director>	    <last_name>Mann</last_name>
	    <first_name>Michael</first_name>
	    <birth_date>1943</birth_date>
</director><actor>
	    <first_name>Al</first_name>
	    <last_name>Pacino</last_name>
	    <birth_date>1940</birth_date>
	    <role>Lt. Vincent Hanna</role>
</actor>
<actor>
	    <first_name>Robert</first_name>
	    <last_name>De Niro</last_name>
	    <birth_date>1943</birth_date>
	    <role>Neil McCauley</role>
</actor>
<actor>
	    <first_name>Val</first_name>
	    <last_name>Kilmer</last_name>
	    <birth_date>1959</birth_date>
	    <role>Chris Shiherlis</role>
</actor>
<actor>
	    <first_name>Jon</first_name>
	    <last_name>Voight</last_name>
	    <birth_date>1938</birth_date>
	    <role>Nate</role>
</actor>
  </movie>
